packet_length_max,iat_min,label
62.76018396846255,2.40879050607146,benign
59.94425427872861,64.38194851445881,benign
43.666125248150145,7.068959218632591,benign
75.91329212318627,1.2310509059753578,benign
423.23687724895206,3.676545033138347e-05,ddos
688.1348931598422,1.1654134665893683e-05,ddos
94.37592592592593,4.553419572335227e-05,ddos
1334.128205128205,1.0371990124242338e-05,ddos
