packet_length_max,iat_min,label
67.42391557022641,2.2443063557433405,benign
59.78257727820152,63.91103528959594,benign
418.14022661893273,3.512897044859345e-05,ddos
1108.4769741391237,8.54679994473661e-06,ddos
