packet_length_max,iat_min,label
51.51936201211562,5.130674040168535,benign
72.46721060433434,1.3822718235866507,benign
59.93751525506468,64.32281672765431,benign
317.59770327552985,4.2109935958949416e-05,ddos
1149.6893416927899,8.355524846378874e-06,ddos
505.7606617788184,2.9062106113824606e-05,ddos
