packet_length_max,iat_min,label
1107.4,2.732710404829534e-05,LDAP
640.862831858407,1.5539405620203558e-05,MSSQL
273.03125,2.8802454471588136e-05,NETBIOS
265.0,3.806749979654948e-05,Portmap
66.24302788844622,6.330915656221984e-05,SYN
423.08765797257325,3.728529367756996e-05,UDP
66.63090623001071,8.552255973597626,benign
108.14035087719299,7.695482488263813e-05,slow-attacks
