packet_length_max,iat_min,label
66.62752692136092,8.551169658925554,benign
451.460832083958,3.3882961816514385e-05,ddos
