packet_length_max,iat_min,label
70.96482909891284,1.3233643835701103,benign
59.585422749414874,55.269221558598744,benign
51.36665540628334,4.781479679438956,benign
61.50653366583539,114.93624855275752,benign
90.67559081606909,1.8425954169886969,benign
513.4188210036675,2.4965681920101403e-05,ddos
1350.0012531328323,1.0139511940174481e-05,ddos
79.5637692932575,4.7401864774622844e-05,ddos
383.9565132713817,4.1744179800204875e-05,ddos
770.6816182937555,7.700060372197429e-06,ddos
